[
  {
    "id": "associated-press-climate-1751312908135-7",
    "title": "As climate change alters lakes, tribes and conservationists fight for the future of spearfishing",
    "summary": "As climate change alters lakes, tribes and conservationists fight for the future of spearfishing",
    "content": "As climate change alters lakes, tribes and conservationists fight for the future of spearfishing",
    "author": "Associated Press Climate",
    "publishedAt": "2025-06-30T19:48:28.135Z",
    "imageUrl": "https://images.pexels.com/photos/9800029/pexels-photo-9800029.jpeg?auto=compress&cs=tinysrgb&w=800",
    "sourceUrl": "https://apnews.com/article/spearfishing-ojibwe-tribe-climate-change-6c93f72c06db0086bc361271ec402681",
    "source": "Associated Press Climate",
    "pillar": "environmental",
    "sdgs": [
      {
        "id": 13,
        "title": "SDG 13",
        "description": "Take urgent action to combat climate change",
        "color": "#3F7E44",
        "icon": "Target"
      },
      {
        "id": 14,
        "title": "SDG 14",
        "description": "Conserve and sustainably use the oceans, seas",
        "color": "#0A97D9",
        "icon": "Target"
      },
      {
        "id": 15,
        "title": "SDG 15",
        "description": "Protect, restore and promote sustainable use of ecosystems",
        "color": "#56C02B",
        "icon": "Target"
      }
    ],
    "tags": [
      "environmental",
      "sustainability",
      "sdg-13",
      "sdg-14",
      "news"
    ],
    "readTime": 1,
    "impactScore": 10,
    "e2sgRating": {
      "environmental": 10,
      "economic": 3,
      "social": 3,
      "governance": 6,
      "overall": 5.5
    },
    "region": "Global",
    "isBookmarked": false,
    "viewCount": 2336,
    "shareCount": 79,
    "scrapedAt": "2025-06-30T19:48:28.135Z",
    "confidence": 0.26285714285714284
  },
  {
    "id": "unep-finance-initiative-(unep-fi)-1751312934339-0",
    "title": "2023 in review: A growing membership continues ambitious action on sustainable finance",
    "summary": "19 December 2023Banking, Climate Change, Insurance, Investment, Nature, News, Policy, Pollution & Circular Economy, SDGs and Impact, Social",
    "content": "19 December 2023Banking, Climate Change, Insurance, Investment, Nature, News, Policy, Pollution & Circular Economy, SDGs and Impact, Social",
    "author": "UNEP Finance Initiative (UNEP-FI)",
    "publishedAt": "2025-06-30T19:48:54.339Z",
    "imageUrl": "https://images.pexels.com/photos/9800029/pexels-photo-9800029.jpeg?auto=compress&cs=tinysrgb&w=800",
    "sourceUrl": "https://www.unepfi.org/industries/banking/2023-in-review-a-growing-membership-continues-ambitious-action-on-sustainable-finance/",
    "source": "UNEP Finance Initiative (UNEP-FI)",
    "pillar": "environmental",
    "sdgs": [
      {
        "id": 12,
        "title": "SDG 12",
        "description": "Ensure sustainable consumption and production patterns",
        "color": "#BF8B2E",
        "icon": "Target"
      },
      {
        "id": 13,
        "title": "SDG 13",
        "description": "Take urgent action to combat climate change",
        "color": "#3F7E44",
        "icon": "Target"
      },
      {
        "id": 15,
        "title": "SDG 15",
        "description": "Protect, restore and promote sustainable use of ecosystems",
        "color": "#56C02B",
        "icon": "Target"
      }
    ],
    "tags": [
      "environmental",
      "sustainability",
      "sdg-12",
      "sdg-13",
      "news"
    ],
    "readTime": 1,
    "impactScore": 10,
    "e2sgRating": {
      "environmental": 8,
      "economic": 2,
      "social": 3,
      "governance": 7,
      "overall": 5
    },
    "region": "North America",
    "isBookmarked": false,
    "viewCount": 4672,
    "shareCount": 171,
    "scrapedAt": "2025-06-30T19:48:54.339Z",
    "confidence": 0.20416666666666666
  },
  {
    "id": "unep-finance-initiative-(unep-fi)-1751312934344-8",
    "title": "UNEP FI at London Climate Action Week",
    "summary": "UNEP FI will be actively participating in London Climate Action Week 2025, contributing to key panels and events focused on sustainable finance, climate risk, and nature-based solutions.",
    "content": "UNEP FI will be actively participating in London Climate Action Week 2025, contributing to key panels and events focused on sustainable finance, climate risk, and nature-based solutions.",
    "author": "UNEP Finance Initiative (UNEP-FI)",
    "publishedAt": "2025-06-30T19:48:54.344Z",
    "imageUrl": "https://images.pexels.com/photos/9800029/pexels-photo-9800029.jpeg?auto=compress&cs=tinysrgb&w=800",
    "sourceUrl": "https://www.unepfi.org/themes/climate-change/unep-fi-at-london-climate-action-week/",
    "source": "UNEP Finance Initiative (UNEP-FI)",
    "pillar": "environmental",
    "sdgs": [
      {
        "id": 13,
        "title": "SDG 13",
        "description": "Take urgent action to combat climate change",
        "color": "#3F7E44",
        "icon": "Target"
      },
      {
        "id": 15,
        "title": "SDG 15",
        "description": "Protect, restore and promote sustainable use of ecosystems",
        "color": "#56C02B",
        "icon": "Target"
      }
    ],
    "tags": [
      "environmental",
      "sustainability",
      "sdg-13",
      "sdg-15",
      "news"
    ],
    "readTime": 1,
    "impactScore": 10,
    "e2sgRating": {
      "environmental": 6,
      "economic": 4,
      "social": 3,
      "governance": 5,
      "overall": 4.5
    },
    "region": "North America",
    "isBookmarked": false,
    "viewCount": 4806,
    "shareCount": 126,
    "scrapedAt": "2025-06-30T19:48:54.344Z",
    "confidence": 0.1819672131147541
  },
  {
    "id": "unctad-–-statistics-&-data-1751312929953-8",
    "title": "South-South data to support sustainable development for all",
    "summary": "South-South data to support sustainable development for all",
    "content": "South-South data to support sustainable development for all",
    "author": "UNCTAD – Statistics & Data",
    "publishedAt": "2025-06-30T19:48:49.953Z",
    "imageUrl": "https://images.pexels.com/photos/356036/pexels-photo-356036.jpeg?auto=compress&cs=tinysrgb&w=800",
    "sourceUrl": "https://unctad.org/meeting/south-south-data-support-sustainable-development-all",
    "source": "UNCTAD – Statistics & Data",
    "pillar": "environmental",
    "sdgs": [
      {
        "id": 9,
        "title": "SDG 9",
        "description": "Build resilient infrastructure, promote innovation",
        "color": "#FD6925",
        "icon": "Target"
      }
    ],
    "tags": [
      "environmental",
      "sustainability",
      "sdg-9",
      "news"
    ],
    "readTime": 1,
    "impactScore": 10,
    "e2sgRating": {
      "environmental": 10,
      "economic": 3,
      "social": 3,
      "governance": 5,
      "overall": 5.3
    },
    "region": "North America",
    "isBookmarked": false,
    "viewCount": 4237,
    "shareCount": 48,
    "scrapedAt": "2025-06-30T19:48:49.953Z",
    "confidence": 0.185
  },
  {
    "id": "unep-finance-initiative-(unep-fi)-1751312934346-10",
    "title": "Unlocking bioeconomy finance: Connecting capital markets and forest conservation in the Amazon",
    "summary": "As the world gears up for COP30—the “COP of Solutions”—the spotlight is on one critical question: how do we finance the global goals for nature and biodiversity? Meeting the targets of the three Rio Conventions will require unprecedented collaboration and scale-up of private sector investment.",
    "content": "As the world gears up for COP30—the “COP of Solutions”—the spotlight is on one critical question: how do we finance the global goals for nature and biodiversity? Meeting the targets of the three Rio Conventions will require unprecedented collaboration and scale-up of private sector investment.",
    "author": "UNEP Finance Initiative (UNEP-FI)",
    "publishedAt": "2025-06-30T19:48:54.346Z",
    "imageUrl": "https://images.pexels.com/photos/1108572/pexels-photo-1108572.jpeg?auto=compress&cs=tinysrgb&w=800",
    "sourceUrl": "https://www.unepfi.org/themes/ecosystems/unlocking-bioeconomy-finance-connecting-capital-markets-and-forest-conservation-in-the-amazon/",
    "source": "UNEP Finance Initiative (UNEP-FI)",
    "pillar": "environmental",
    "sdgs": [
      {
        "id": 15,
        "title": "SDG 15",
        "description": "Protect, restore and promote sustainable use of ecosystems",
        "color": "#56C02B",
        "icon": "Target"
      },
      {
        "id": 8,
        "title": "SDG 8",
        "description": "Promote sustained, inclusive economic growth",
        "color": "#A21942",
        "icon": "Target"
      },
      {
        "id": 17,
        "title": "SDG 17",
        "description": "Strengthen the means of implementation",
        "color": "#19486A",
        "icon": "Target"
      }
    ],
    "tags": [
      "environmental",
      "sustainability",
      "sdg-15",
      "sdg-8",
      "news"
    ],
    "readTime": 1,
    "impactScore": 10,
    "e2sgRating": {
      "environmental": 6,
      "economic": 3,
      "social": 4,
      "governance": 8,
      "overall": 5.3
    },
    "region": "Global",
    "isBookmarked": false,
    "viewCount": 697,
    "shareCount": 143,
    "scrapedAt": "2025-06-30T19:48:54.346Z",
    "confidence": 0.14901960784313725
  },
  {
    "id": "unep-finance-initiative-(unep-fi)-1751312934343-6",
    "title": "Net-Zero Asset Owner Alliance calls for urgent action to tackle deforestation",
    "summary": "The Net-Zero Asset Owner Alliance (NZAOA) issued ‘Guidelines and Recommendations for Halting Deforestation,’ highlighting the necessity for action and collaboration between investors, policymakers, companies, and data providers. The paper provides a four-step pathway for investors to phase-out deforestation and forest conversion.",
    "content": "The Net-Zero Asset Owner Alliance (NZAOA) issued ‘Guidelines and Recommendations for Halting Deforestation,’ highlighting the necessity for action and collaboration between investors, policymakers, companies, and data providers. The paper provides a four-step pathway for investors to phase-out deforestation and forest conversion.",
    "author": "UNEP Finance Initiative (UNEP-FI)",
    "publishedAt": "2025-06-30T19:48:54.343Z",
    "imageUrl": "https://images.pexels.com/photos/9800029/pexels-photo-9800029.jpeg?auto=compress&cs=tinysrgb&w=800",
    "sourceUrl": "https://www.unepfi.org/industries/net-zero-asset-owner-alliance-calls-for-urgent-action-to-tackle-deforestation/",
    "source": "UNEP Finance Initiative (UNEP-FI)",
    "pillar": "environmental",
    "sdgs": [
      {
        "id": 15,
        "title": "SDG 15",
        "description": "Protect, restore and promote sustainable use of ecosystems",
        "color": "#56C02B",
        "icon": "Target"
      },
      {
        "id": 8,
        "title": "SDG 8",
        "description": "Promote sustained, inclusive economic growth",
        "color": "#A21942",
        "icon": "Target"
      },
      {
        "id": 17,
        "title": "SDG 17",
        "description": "Strengthen the means of implementation",
        "color": "#19486A",
        "icon": "Target"
      }
    ],
    "tags": [
      "environmental",
      "sustainability",
      "sdg-15",
      "sdg-8",
      "news"
    ],
    "readTime": 1,
    "impactScore": 10,
    "e2sgRating": {
      "environmental": 10,
      "economic": 3,
      "social": 3,
      "governance": 5,
      "overall": 5.3
    },
    "region": "Global",
    "isBookmarked": false,
    "viewCount": 3774,
    "shareCount": 59,
    "scrapedAt": "2025-06-30T19:48:54.343Z",
    "confidence": 0.15376344086021507
  },
  {
    "id": "ap-social-justice-1751312972870-19",
    "title": "Senate GOP tax bill could crush wind and solar power, advocates say",
    "summary": "Senate GOP tax bill could crush wind and solar power, advocates say",
    "content": "Senate GOP tax bill could crush wind and solar power, advocates say",
    "author": "AP Social Justice",
    "publishedAt": "2025-06-30T19:49:32.870Z",
    "imageUrl": "https://images.pexels.com/photos/9800029/pexels-photo-9800029.jpeg?auto=compress&cs=tinysrgb&w=800",
    "sourceUrl": "https://apnews.com/article/senate-clean-energy-tax-credits-trump-87f7ac850247f8a183d7c7933645b331",
    "source": "AP Social Justice",
    "pillar": "environmental",
    "sdgs": [
      {
        "id": 7,
        "title": "SDG 7",
        "description": "Ensure access to affordable, reliable, sustainable energy",
        "color": "#FCC30B",
        "icon": "Target"
      }
    ],
    "tags": [
      "environmental",
      "sustainability",
      "sdg-7",
      "news"
    ],
    "readTime": 1,
    "impactScore": 9,
    "e2sgRating": {
      "environmental": 10,
      "economic": 3,
      "social": 3,
      "governance": 8,
      "overall": 6
    },
    "region": "North America",
    "isBookmarked": false,
    "viewCount": 2702,
    "shareCount": 112,
    "scrapedAt": "2025-06-30T19:49:32.870Z",
    "confidence": 0.1433333333333333
  },
  {
    "id": "unep-finance-initiative-(unep-fi)-1751312934340-1",
    "title": "The 2023 Climate Risk Landscape",
    "summary": "07 March 2023Climate Change, Publications, Risk, TCFD",
    "content": "07 March 2023Climate Change, Publications, Risk, TCFD",
    "author": "UNEP Finance Initiative (UNEP-FI)",
    "publishedAt": "2025-06-30T19:48:54.340Z",
    "imageUrl": "https://images.pexels.com/photos/1108572/pexels-photo-1108572.jpeg?auto=compress&cs=tinysrgb&w=800",
    "sourceUrl": "https://www.unepfi.org/themes/climate-change/2023-climate-risk-landscape/",
    "source": "UNEP Finance Initiative (UNEP-FI)",
    "pillar": "environmental",
    "sdgs": [
      {
        "id": 13,
        "title": "SDG 13",
        "description": "Take urgent action to combat climate change",
        "color": "#3F7E44",
        "icon": "Target"
      },
      {
        "id": 15,
        "title": "SDG 15",
        "description": "Protect, restore and promote sustainable use of ecosystems",
        "color": "#56C02B",
        "icon": "Target"
      }
    ],
    "tags": [
      "environmental",
      "sustainability",
      "sdg-13",
      "sdg-15",
      "news"
    ],
    "readTime": 1,
    "impactScore": 10,
    "e2sgRating": {
      "environmental": 10,
      "economic": 3,
      "social": 3,
      "governance": 5,
      "overall": 5.3
    },
    "region": "Global",
    "isBookmarked": false,
    "viewCount": 4847,
    "shareCount": 96,
    "scrapedAt": "2025-06-30T19:48:54.340Z",
    "confidence": 0.14526315789473684
  },
  {
    "id": "unep-finance-initiative-(unep-fi)-1751312934342-4",
    "title": "UN Ocean Conference: Key takeaways for financial institutions",
    "summary": "The ocean is vital to the global economy, climate stability, and biodiversity, yet it remains vastly underfinanced and increasingly under threat. Earlier this month, at the third UN Ocean Conference (UNOC3) and related side events, a series of major announcements underscored the growing momentum to change that.",
    "content": "The ocean is vital to the global economy, climate stability, and biodiversity, yet it remains vastly underfinanced and increasingly under threat. Earlier this month, at the third UN Ocean Conference (UNOC3) and related side events, a series of major announcements underscored the growing momentum to change that.",
    "author": "UNEP Finance Initiative (UNEP-FI)",
    "publishedAt": "2025-06-30T19:48:54.342Z",
    "imageUrl": "https://images.pexels.com/photos/1459653/pexels-photo-1459653.jpeg?auto=compress&cs=tinysrgb&w=800",
    "sourceUrl": "https://www.unepfi.org/themes/ecosystems/un-ocean-conference-key-takeaways-for-financial-institutions/",
    "source": "UNEP Finance Initiative (UNEP-FI)",
    "pillar": "social",
    "sdgs": [
      {
        "id": 14,
        "title": "SDG 14",
        "description": "Conserve and sustainably use the oceans, seas",
        "color": "#0A97D9",
        "icon": "Target"
      },
      {
        "id": 15,
        "title": "SDG 15",
        "description": "Protect, restore and promote sustainable use of ecosystems",
        "color": "#56C02B",
        "icon": "Target"
      },
      {
        "id": 16,
        "title": "SDG 16",
        "description": "Promote peaceful and inclusive societies",
        "color": "#00689D",
        "icon": "Target"
      }
    ],
    "tags": [
      "social",
      "sustainability",
      "sdg-14",
      "sdg-15",
      "news"
    ],
    "readTime": 1,
    "impactScore": 10,
    "e2sgRating": {
      "environmental": 5,
      "economic": 3,
      "social": 5,
      "governance": 8,
      "overall": 5.3
    },
    "region": "Global",
    "isBookmarked": false,
    "viewCount": 1016,
    "shareCount": 160,
    "scrapedAt": "2025-06-30T19:48:54.342Z",
    "confidence": 0.1192156862745098
  },
  {
    "id": "financial-times-–-sustainable-finance-1751312917170-4",
    "title": "UK aims to set the pace for corporate net zero plans",
    "summary": "Policymakers want to make the country a world leader in green finance, but without scaring businesses away",
    "content": "Policymakers want to make the country a world leader in green finance, but without scaring businesses away",
    "author": "Financial Times – Sustainable Finance",
    "publishedAt": "2025-06-30T19:48:37.170Z",
    "imageUrl": "https://images.pexels.com/photos/3943716/pexels-photo-3943716.jpeg?auto=compress&cs=tinysrgb&w=800",
    "sourceUrl": "https://www.ft.com/content/3a363ec9-bf2b-4fa1-b756-531bd29fbba7",
    "source": "Financial Times – Sustainable Finance",
    "pillar": "economic",
    "sdgs": [
      {
        "id": 8,
        "title": "SDG 8",
        "description": "Promote sustained, inclusive economic growth",
        "color": "#A21942",
        "icon": "Target"
      },
      {
        "id": 9,
        "title": "SDG 9",
        "description": "Build resilient infrastructure, promote innovation",
        "color": "#FD6925",
        "icon": "Target"
      }
    ],
    "tags": [
      "economic",
      "sustainability",
      "sdg-8",
      "sdg-9",
      "news"
    ],
    "readTime": 1,
    "impactScore": 10,
    "e2sgRating": {
      "environmental": 3,
      "economic": 7,
      "social": 3,
      "governance": 7,
      "overall": 5
    },
    "region": "Europe",
    "isBookmarked": false,
    "viewCount": 1420,
    "shareCount": 51,
    "scrapedAt": "2025-06-30T19:48:37.170Z",
    "confidence": 0.12666666666666665
  },
  {
    "id": "cnn-climate-1751312913029-6",
    "title": "Heat waves are getting more dangerous with climate change — and we may still be underestimating them",
    "summary": "Heat waves are getting more dangerous with climate change — and we may still be underestimating them",
    "content": "Heat waves are getting more dangerous with climate change — and we may still be underestimating them",
    "author": "CNN Climate",
    "publishedAt": "2025-06-30T19:48:33.029Z",
    "imageUrl": "https://images.pexels.com/photos/9800029/pexels-photo-9800029.jpeg?auto=compress&cs=tinysrgb&w=800",
    "sourceUrl": "https://www.cnn.com/2025/06/23/climate/heat-wave-global-warming-links",
    "source": "CNN Climate",
    "pillar": "environmental",
    "sdgs": [
      {
        "id": 13,
        "title": "SDG 13",
        "description": "Take urgent action to combat climate change",
        "color": "#3F7E44",
        "icon": "Target"
      }
    ],
    "tags": [
      "environmental",
      "sustainability",
      "sdg-13",
      "news"
    ],
    "readTime": 1,
    "impactScore": 8,
    "e2sgRating": {
      "environmental": 10,
      "economic": 3,
      "social": 3,
      "governance": 4,
      "overall": 5
    },
    "region": "North America",
    "isBookmarked": false,
    "viewCount": 2830,
    "shareCount": 205,
    "scrapedAt": "2025-06-30T19:48:33.029Z",
    "confidence": 0.1188235294117647
  },
  {
    "id": "associated-press-climate-1751312908145-23",
    "title": "In India, Indigenous women and their ‘dream maps’ seek to protect lands from climate change",
    "summary": "In India, Indigenous women and their ‘dream maps’ seek to protect lands from climate change",
    "content": "In India, Indigenous women and their ‘dream maps’ seek to protect lands from climate change",
    "author": "Associated Press Climate",
    "publishedAt": "2025-06-30T19:48:28.145Z",
    "imageUrl": "https://images.pexels.com/photos/414837/pexels-photo-414837.jpeg?auto=compress&cs=tinysrgb&w=800",
    "sourceUrl": "https://apnews.com/article/india-women-farmers-climate-change-indigenous-fe099e6b33589330f7aa1bb27da75005",
    "source": "Associated Press Climate",
    "pillar": "environmental",
    "sdgs": [
      {
        "id": 13,
        "title": "SDG 13",
        "description": "Take urgent action to combat climate change",
        "color": "#3F7E44",
        "icon": "Target"
      },
      {
        "id": 15,
        "title": "SDG 15",
        "description": "Protect, restore and promote sustainable use of ecosystems",
        "color": "#56C02B",
        "icon": "Target"
      }
    ],
    "tags": [
      "environmental",
      "sustainability",
      "sdg-13",
      "sdg-15",
      "news"
    ],
    "readTime": 1,
    "impactScore": 10,
    "e2sgRating": {
      "environmental": 10,
      "economic": 3,
      "social": 3,
      "governance": 7,
      "overall": 5.8
    },
    "region": "Asia Pacific",
    "isBookmarked": false,
    "viewCount": 3150,
    "shareCount": 186,
    "scrapedAt": "2025-06-30T19:48:28.145Z",
    "confidence": 0.12666666666666665
  },
  {
    "id": "associated-press-climate-1751312908138-11",
    "title": "In Florida, the Miccosukee fight to protect the Everglades in the face of climate change",
    "summary": "In Florida, the Miccosukee fight to protect the Everglades in the face of climate change",
    "content": "In Florida, the Miccosukee fight to protect the Everglades in the face of climate change",
    "author": "Associated Press Climate",
    "publishedAt": "2025-06-30T19:48:28.138Z",
    "imageUrl": "https://images.pexels.com/photos/414837/pexels-photo-414837.jpeg?auto=compress&cs=tinysrgb&w=800",
    "sourceUrl": "https://apnews.com/article/everglades-restoration-miccosukee-water-climate-change-b87825ad937bfa017e5f948797784b36",
    "source": "Associated Press Climate",
    "pillar": "environmental",
    "sdgs": [
      {
        "id": 13,
        "title": "SDG 13",
        "description": "Take urgent action to combat climate change",
        "color": "#3F7E44",
        "icon": "Target"
      }
    ],
    "tags": [
      "environmental",
      "sustainability",
      "sdg-13",
      "news"
    ],
    "readTime": 1,
    "impactScore": 8,
    "e2sgRating": {
      "environmental": 10,
      "economic": 3,
      "social": 3,
      "governance": 7,
      "overall": 5.8
    },
    "region": "Europe",
    "isBookmarked": false,
    "viewCount": 286,
    "shareCount": 122,
    "scrapedAt": "2025-06-30T19:48:28.138Z",
    "confidence": 0.12666666666666665
  },
  {
    "id": "associated-press-climate-1751312908136-8",
    "title": "Climate change destroyed an Alaska village. Its residents are starting over in a new town",
    "summary": "Climate change destroyed an Alaska village. Its residents are starting over in a new town",
    "content": "Climate change destroyed an Alaska village. Its residents are starting over in a new town",
    "author": "Associated Press Climate",
    "publishedAt": "2025-06-30T19:48:28.136Z",
    "imageUrl": "https://images.pexels.com/photos/414837/pexels-photo-414837.jpeg?auto=compress&cs=tinysrgb&w=800",
    "sourceUrl": "https://apnews.com/article/climate-change-permafrost-melting-alaska-newtok-relocation-moving-292694f057b75f75a9438c794853ee25",
    "source": "Associated Press Climate",
    "pillar": "environmental",
    "sdgs": [
      {
        "id": 13,
        "title": "SDG 13",
        "description": "Take urgent action to combat climate change",
        "color": "#3F7E44",
        "icon": "Target"
      }
    ],
    "tags": [
      "environmental",
      "sustainability",
      "sdg-13",
      "news"
    ],
    "readTime": 1,
    "impactScore": 8,
    "e2sgRating": {
      "environmental": 10,
      "economic": 3,
      "social": 3,
      "governance": 5,
      "overall": 5.3
    },
    "region": "Global",
    "isBookmarked": false,
    "viewCount": 2479,
    "shareCount": 121,
    "scrapedAt": "2025-06-30T19:48:28.136Z",
    "confidence": 0.12666666666666665
  },
  {
    "id": "unep-finance-initiative-(unep-fi)-1751312934342-5",
    "title": "How can export credit agencies redirect trillions for climate action? NZECA is paving the way",
    "summary": "The ten members of the UN-convened Net Zero Export Credit Agencies Alliance outline their roadmap to COP30 and a net-zero…",
    "content": "The ten members of the UN-convened Net Zero Export Credit Agencies Alliance outline their roadmap to COP30 and a net-zero…",
    "author": "UNEP Finance Initiative (UNEP-FI)",
    "publishedAt": "2025-06-30T19:48:54.342Z",
    "imageUrl": "https://images.pexels.com/photos/414837/pexels-photo-414837.jpeg?auto=compress&cs=tinysrgb&w=800",
    "sourceUrl": "https://www.unepfi.org/themes/climate-change/how-can-export-credit-agencies-redirect-trillions-for-climate-action-nzeca-is-paving-the-way/",
    "source": "UNEP Finance Initiative (UNEP-FI)",
    "pillar": "environmental",
    "sdgs": [
      {
        "id": 13,
        "title": "SDG 13",
        "description": "Take urgent action to combat climate change",
        "color": "#3F7E44",
        "icon": "Target"
      }
    ],
    "tags": [
      "environmental",
      "sustainability",
      "sdg-13",
      "news"
    ],
    "readTime": 1,
    "impactScore": 8,
    "e2sgRating": {
      "environmental": 10,
      "economic": 3,
      "social": 3,
      "governance": 8,
      "overall": 6
    },
    "region": "Global",
    "isBookmarked": false,
    "viewCount": 3966,
    "shareCount": 183,
    "scrapedAt": "2025-06-30T19:48:54.342Z",
    "confidence": 0.11454545454545453
  },
  {
    "id": "unep-finance-initiative-(unep-fi)-1751312934344-9",
    "title": "UNEP FI, ASEAN Capital Markets Forum and Sustainable Finance Institute Asia collaborate to catalyze adaptation finance in ASEAN",
    "summary": "United Nations Environment Programme Finance Initiative (UNEP FI), the ASEAN Capital Markets Forum (ACMF), and the Sustainable Finance Institute Asia (SFIA) are beginning a new collaboration to mobilize greater adaptation finance for ASEAN.",
    "content": "United Nations Environment Programme Finance Initiative (UNEP FI), the ASEAN Capital Markets Forum (ACMF), and the Sustainable Finance Institute Asia (SFIA) are beginning a new collaboration to mobilize greater adaptation finance for ASEAN.",
    "author": "UNEP Finance Initiative (UNEP-FI)",
    "publishedAt": "2025-06-30T19:48:54.344Z",
    "imageUrl": "https://images.pexels.com/photos/3184465/pexels-photo-3184465.jpeg?auto=compress&cs=tinysrgb&w=800",
    "sourceUrl": "https://www.unepfi.org/regions/asia-pacific/unepfi-acmf-sfia-adaptation-finance-collaboration/",
    "source": "UNEP Finance Initiative (UNEP-FI)",
    "pillar": "economic",
    "sdgs": [
      {
        "id": 14,
        "title": "SDG 14",
        "description": "Conserve and sustainably use the oceans, seas",
        "color": "#0A97D9",
        "icon": "Target"
      },
      {
        "id": 8,
        "title": "SDG 8",
        "description": "Promote sustained, inclusive economic growth",
        "color": "#A21942",
        "icon": "Target"
      },
      {
        "id": 13,
        "title": "SDG 13",
        "description": "Take urgent action to combat climate change",
        "color": "#3F7E44",
        "icon": "Target"
      }
    ],
    "tags": [
      "economic",
      "sustainability",
      "sdg-14",
      "sdg-8",
      "news"
    ],
    "readTime": 1,
    "impactScore": 10,
    "e2sgRating": {
      "environmental": 3,
      "economic": 10,
      "social": 3,
      "governance": 7,
      "overall": 5.8
    },
    "region": "Asia Pacific",
    "isBookmarked": false,
    "viewCount": 1307,
    "shareCount": 169,
    "scrapedAt": "2025-06-30T19:48:54.344Z",
    "confidence": 0.09571428571428571
  },
  {
    "id": "financial-times-–-sustainable-finance-1751312917168-1",
    "title": "Investors grapple with complexities of biodiversity",
    "summary": "Businesses’ impact on nature poses risks that are both severe and hard to quantify",
    "content": "Businesses’ impact on nature poses risks that are both severe and hard to quantify",
    "author": "Financial Times – Sustainable Finance",
    "publishedAt": "2025-06-30T19:48:37.168Z",
    "imageUrl": "https://images.pexels.com/photos/3184360/pexels-photo-3184360.jpeg?auto=compress&cs=tinysrgb&w=800",
    "sourceUrl": "https://www.ft.com/content/da6ddb23-ae10-4fd6-9e45-3af15e5a0c1e",
    "source": "Financial Times – Sustainable Finance",
    "pillar": "social",
    "sdgs": [
      {
        "id": 15,
        "title": "SDG 15",
        "description": "Protect, restore and promote sustainable use of ecosystems",
        "color": "#56C02B",
        "icon": "Target"
      }
    ],
    "tags": [
      "social",
      "sustainability",
      "sdg-15",
      "news"
    ],
    "readTime": 1,
    "impactScore": 7,
    "e2sgRating": {
      "environmental": 5,
      "economic": 3,
      "social": 5,
      "governance": 6,
      "overall": 4.8
    },
    "region": "North America",
    "isBookmarked": false,
    "viewCount": 2563,
    "shareCount": 71,
    "scrapedAt": "2025-06-30T19:48:37.168Z",
    "confidence": 0.0988235294117647
  },
  {
    "id": "financial-times-–-sustainable-finance-1751312917168-2",
    "title": "Investors grapple with complexities of biodiversity",
    "summary": "Businesses’ impact on nature poses risks that are both severe and hard to quantify",
    "content": "Businesses’ impact on nature poses risks that are both severe and hard to quantify",
    "author": "Financial Times – Sustainable Finance",
    "publishedAt": "2025-06-30T19:48:37.168Z",
    "imageUrl": "https://images.pexels.com/photos/6646918/pexels-photo-6646918.jpeg?auto=compress&cs=tinysrgb&w=800",
    "sourceUrl": "https://www.ft.com/content/da6ddb23-ae10-4fd6-9e45-3af15e5a0c1e",
    "source": "Financial Times – Sustainable Finance",
    "pillar": "social",
    "sdgs": [
      {
        "id": 15,
        "title": "SDG 15",
        "description": "Protect, restore and promote sustainable use of ecosystems",
        "color": "#56C02B",
        "icon": "Target"
      }
    ],
    "tags": [
      "social",
      "sustainability",
      "sdg-15",
      "news"
    ],
    "readTime": 1,
    "impactScore": 7,
    "e2sgRating": {
      "environmental": 5,
      "economic": 3,
      "social": 5,
      "governance": 6,
      "overall": 4.8
    },
    "region": "North America",
    "isBookmarked": false,
    "viewCount": 4819,
    "shareCount": 166,
    "scrapedAt": "2025-06-30T19:48:37.168Z",
    "confidence": 0.0988235294117647
  },
  {
    "id": "financial-times-–-sustainable-finance-1751312917168-3",
    "title": "Rising green bond issuance erodes premiums",
    "summary": "But tighter sustainability rules may give the ‘greenium’ a new lease of life",
    "content": "But tighter sustainability rules may give the ‘greenium’ a new lease of life",
    "author": "Financial Times – Sustainable Finance",
    "publishedAt": "2025-06-30T19:48:37.168Z",
    "imageUrl": "https://images.pexels.com/photos/9800029/pexels-photo-9800029.jpeg?auto=compress&cs=tinysrgb&w=800",
    "sourceUrl": "https://www.ft.com/content/32dbf37c-8ff5-436b-88f3-9873fc864a7b",
    "source": "Financial Times – Sustainable Finance",
    "pillar": "environmental",
    "sdgs": [
      {
        "id": 13,
        "title": "SDG 13",
        "description": "Take urgent action to combat climate change",
        "color": "#3F7E44",
        "icon": "Target"
      },
      {
        "id": 14,
        "title": "SDG 14",
        "description": "Conserve and sustainably use the oceans, seas",
        "color": "#0A97D9",
        "icon": "Target"
      }
    ],
    "tags": [
      "environmental",
      "sustainability",
      "sdg-13",
      "sdg-14",
      "news"
    ],
    "readTime": 1,
    "impactScore": 9,
    "e2sgRating": {
      "environmental": 10,
      "economic": 3,
      "social": 3,
      "governance": 6,
      "overall": 5.5
    },
    "region": "North America",
    "isBookmarked": false,
    "viewCount": 3337,
    "shareCount": 59,
    "scrapedAt": "2025-06-30T19:48:37.169Z",
    "confidence": 0.10250000000000001
  },
  {
    "id": "financial-times-–-sustainable-finance-1751312917167-0",
    "title": "Investors grapple with complexities of biodiversity",
    "summary": "Businesses’ impact on nature poses risks that are both severe and hard to quantify",
    "content": "Businesses’ impact on nature poses risks that are both severe and hard to quantify",
    "author": "Financial Times – Sustainable Finance",
    "publishedAt": "2025-06-30T19:48:37.167Z",
    "imageUrl": "https://images.pexels.com/photos/7088793/pexels-photo-7088793.jpeg?auto=compress&cs=tinysrgb&w=800",
    "sourceUrl": "https://www.ft.com/content/da6ddb23-ae10-4fd6-9e45-3af15e5a0c1e",
    "source": "Financial Times – Sustainable Finance",
    "pillar": "social",
    "sdgs": [
      {
        "id": 15,
        "title": "SDG 15",
        "description": "Protect, restore and promote sustainable use of ecosystems",
        "color": "#56C02B",
        "icon": "Target"
      }
    ],
    "tags": [
      "social",
      "sustainability",
      "sdg-15",
      "news"
    ],
    "readTime": 1,
    "impactScore": 7,
    "e2sgRating": {
      "environmental": 5,
      "economic": 3,
      "social": 5,
      "governance": 5,
      "overall": 4.5
    },
    "region": "North America",
    "isBookmarked": false,
    "viewCount": 1514,
    "shareCount": 200,
    "scrapedAt": "2025-06-30T19:48:37.167Z",
    "confidence": 0.0988235294117647
  },
  {
    "id": "al-jazeera-–-human-rights-1751312953488-19",
    "title": "US approves $30m for controversial Israel-backed Gaza aid group",
    "summary": "Human rights lawyer warns GHF staff may face war crimes charges over deadly incidents at Gaza’s aid distribution sites.",
    "content": "Human rights lawyer warns GHF staff may face war crimes charges over deadly incidents at Gaza’s aid distribution sites.",
    "author": "Al Jazeera – Human Rights",
    "publishedAt": "2025-06-30T19:49:13.488Z",
    "imageUrl": "https://images.pexels.com/photos/6646918/pexels-photo-6646918.jpeg?auto=compress&cs=tinysrgb&w=800",
    "sourceUrl": "https://www.aljazeera.com/news/2025/6/27/us-approves-30m-for-controversial-israel-backed-gaza-aid-group",
    "source": "Al Jazeera – Human Rights",
    "pillar": "social",
    "sdgs": [
      {
        "id": 1,
        "title": "SDG 1",
        "description": "End poverty in all its forms everywhere",
        "color": "#E5243B",
        "icon": "Target"
      },
      {
        "id": 2,
        "title": "SDG 2",
        "description": "End hunger, achieve food security and improved nutrition",
        "color": "#DDA63A",
        "icon": "Target"
      }
    ],
    "tags": [
      "social",
      "sustainability",
      "sdg-1",
      "sdg-2",
      "news"
    ],
    "readTime": 1,
    "impactScore": 8,
    "e2sgRating": {
      "environmental": 3,
      "economic": 3,
      "social": 10,
      "governance": 7,
      "overall": 5.8
    },
    "region": "North America",
    "isBookmarked": false,
    "viewCount": 3296,
    "shareCount": 108,
    "scrapedAt": "2025-06-30T19:49:13.488Z",
    "confidence": 0.0825531914893617
  },
  {
    "id": "al-jazeera-–-human-rights-1751312953488-20",
    "title": "US approves $30m for controversial Israel-backed Gaza aid group",
    "summary": "Human rights lawyer warns GHF staff may face war crimes charges over deadly incidents at Gaza’s aid distribution sites.",
    "content": "Human rights lawyer warns GHF staff may face war crimes charges over deadly incidents at Gaza’s aid distribution sites.",
    "author": "Al Jazeera – Human Rights",
    "publishedAt": "2025-06-30T19:49:13.488Z",
    "imageUrl": "https://images.pexels.com/photos/7088793/pexels-photo-7088793.jpeg?auto=compress&cs=tinysrgb&w=800",
    "sourceUrl": "https://www.aljazeera.com/news/2025/6/27/us-approves-30m-for-controversial-israel-backed-gaza-aid-group",
    "source": "Al Jazeera – Human Rights",
    "pillar": "social",
    "sdgs": [
      {
        "id": 1,
        "title": "SDG 1",
        "description": "End poverty in all its forms everywhere",
        "color": "#E5243B",
        "icon": "Target"
      },
      {
        "id": 2,
        "title": "SDG 2",
        "description": "End hunger, achieve food security and improved nutrition",
        "color": "#DDA63A",
        "icon": "Target"
      }
    ],
    "tags": [
      "social",
      "sustainability",
      "sdg-1",
      "sdg-2",
      "news"
    ],
    "readTime": 1,
    "impactScore": 8,
    "e2sgRating": {
      "environmental": 3,
      "economic": 3,
      "social": 10,
      "governance": 5,
      "overall": 5.3
    },
    "region": "North America",
    "isBookmarked": false,
    "viewCount": 2630,
    "shareCount": 50,
    "scrapedAt": "2025-06-30T19:49:13.488Z",
    "confidence": 0.0825531914893617
  },
  {
    "id": "unep-finance-initiative-(unep-fi)-1751312934341-3",
    "title": "PSI Working Group for Nature launches new series of guidance on nature-related assessments for the global insurance industry",
    "summary": "London – As part of London Climate Action Week, the UNEP Principles for Sustainable Insurance (PSI) Working Group for Nature…",
    "content": "London – As part of London Climate Action Week, the UNEP Principles for Sustainable Insurance (PSI) Working Group for Nature…",
    "author": "UNEP Finance Initiative (UNEP-FI)",
    "publishedAt": "2025-06-30T19:48:54.341Z",
    "imageUrl": "https://images.pexels.com/photos/414837/pexels-photo-414837.jpeg?auto=compress&cs=tinysrgb&w=800",
    "sourceUrl": "https://www.unepfi.org/industries/insurance/psi-working-group-for-nature-launches-new-series-of-guidance-on-nature-related-assessments-for-the-global-insurance-industry/",
    "source": "UNEP Finance Initiative (UNEP-FI)",
    "pillar": "environmental",
    "sdgs": [
      {
        "id": 13,
        "title": "SDG 13",
        "description": "Take urgent action to combat climate change",
        "color": "#3F7E44",
        "icon": "Target"
      },
      {
        "id": 15,
        "title": "SDG 15",
        "description": "Protect, restore and promote sustainable use of ecosystems",
        "color": "#56C02B",
        "icon": "Target"
      },
      {
        "id": 9,
        "title": "SDG 9",
        "description": "Build resilient infrastructure, promote innovation",
        "color": "#FD6925",
        "icon": "Target"
      }
    ],
    "tags": [
      "environmental",
      "sustainability",
      "sdg-13",
      "sdg-15",
      "news"
    ],
    "readTime": 1,
    "impactScore": 10,
    "e2sgRating": {
      "environmental": 10,
      "economic": 3,
      "social": 3,
      "governance": 5,
      "overall": 5.3
    },
    "region": "North America",
    "isBookmarked": false,
    "viewCount": 112,
    "shareCount": 130,
    "scrapedAt": "2025-06-30T19:48:54.341Z",
    "confidence": 0.07448275862068965
  },
  {
    "id": "cnn-climate-1751312913037-20",
    "title": "Video\n                    Weather stations built at the world’s highest peaks offer climate change insight\n                        2:14",
    "summary": "Video\n                    Weather stations built at the world’s highest peaks offer climate change insight\n                        2:14",
    "content": "Video\n                    Weather stations built at the world’s highest peaks offer climate change insight\n                        2:14",
    "author": "CNN Climate",
    "publishedAt": "2025-06-30T19:48:33.037Z",
    "imageUrl": "https://images.pexels.com/photos/414837/pexels-photo-414837.jpeg?auto=compress&cs=tinysrgb&w=800",
    "sourceUrl": "https://www.cnn.com/2025/05/26/climate/video/weather-top-of-the-world-digvid",
    "source": "CNN Climate",
    "pillar": "environmental",
    "sdgs": [
      {
        "id": 13,
        "title": "SDG 13",
        "description": "Take urgent action to combat climate change",
        "color": "#3F7E44",
        "icon": "Target"
      }
    ],
    "tags": [
      "environmental",
      "sustainability",
      "sdg-13",
      "news"
    ],
    "readTime": 1,
    "impactScore": 7,
    "e2sgRating": {
      "environmental": 10,
      "economic": 3,
      "social": 3,
      "governance": 7,
      "overall": 5.8
    },
    "region": "Global",
    "isBookmarked": false,
    "viewCount": 1624,
    "shareCount": 182,
    "scrapedAt": "2025-06-30T19:48:33.037Z",
    "confidence": 0.07785714285714285
  },
  {
    "id": "associated-press-climate-1751312908129-0",
    "title": "EPA employees put names to ‘declaration of dissent’ over agency moves under Trump",
    "summary": "A group of Environmental Protection Agency employees has published a declaration of dissent to EPA Administrator Lee Zeldin over the agency’s leadership and policies.",
    "content": "A group of Environmental Protection Agency employees has published a declaration of dissent to EPA Administrator Lee Zeldin over the agency’s leadership and policies.",
    "author": "Associated Press Climate",
    "publishedAt": "2025-06-30T19:48:28.129Z",
    "imageUrl": "https://images.pexels.com/photos/414837/pexels-photo-414837.jpeg?auto=compress&cs=tinysrgb&w=800",
    "sourceUrl": "https://apnews.com/article/declaration-dissent-climate-science-epa-nih-funding-32d8ed27ab7ddbe45d7f4244ae151c05",
    "source": "Associated Press Climate",
    "pillar": "environmental",
    "sdgs": [
      {
        "id": 13,
        "title": "SDG 13",
        "description": "Take urgent action to combat climate change",
        "color": "#3F7E44",
        "icon": "Target"
      },
      {
        "id": 14,
        "title": "SDG 14",
        "description": "Conserve and sustainably use the oceans, seas",
        "color": "#0A97D9",
        "icon": "Target"
      }
    ],
    "tags": [
      "environmental",
      "sustainability",
      "sdg-13",
      "sdg-14",
      "news"
    ],
    "readTime": 1,
    "impactScore": 8,
    "e2sgRating": {
      "environmental": 10,
      "economic": 3,
      "social": 3,
      "governance": 7,
      "overall": 5.8
    },
    "region": "Global",
    "isBookmarked": false,
    "viewCount": 3688,
    "shareCount": 123,
    "scrapedAt": "2025-06-30T19:48:28.129Z",
    "confidence": 0.07278688524590164
  },
  {
    "id": "financial-times-–-sustainable-finance-1751312917173-7",
    "title": "Chief sustainability officers prosper as ESG risks mount",
    "summary": "CSOs are an increasingly indispensable part of the executive team — and a potentially valuable source of tip-offs",
    "content": "CSOs are an increasingly indispensable part of the executive team — and a potentially valuable source of tip-offs",
    "author": "Financial Times – Sustainable Finance",
    "publishedAt": "2025-06-30T19:48:37.173Z",
    "imageUrl": "https://images.pexels.com/photos/414837/pexels-photo-414837.jpeg?auto=compress&cs=tinysrgb&w=800",
    "sourceUrl": "https://www.ft.com/content/918fee50-5c3c-46eb-af6b-41f2d4393307",
    "source": "Financial Times – Sustainable Finance",
    "pillar": "environmental",
    "sdgs": [
      {
        "id": 13,
        "title": "SDG 13",
        "description": "Take urgent action to combat climate change",
        "color": "#3F7E44",
        "icon": "Target"
      },
      {
        "id": 14,
        "title": "SDG 14",
        "description": "Conserve and sustainably use the oceans, seas",
        "color": "#0A97D9",
        "icon": "Target"
      }
    ],
    "tags": [
      "environmental",
      "sustainability",
      "sdg-13",
      "sdg-14",
      "news"
    ],
    "readTime": 1,
    "impactScore": 7,
    "e2sgRating": {
      "environmental": 10,
      "economic": 3,
      "social": 3,
      "governance": 4,
      "overall": 5
    },
    "region": "North America",
    "isBookmarked": false,
    "viewCount": 916,
    "shareCount": 189,
    "scrapedAt": "2025-06-30T19:48:37.173Z",
    "confidence": 0.042727272727272725
  }
]